sampleid,d__Bacteria;p__Firmicutes;c__Clostridia;o__Peptostreptococcales-Tissierellales;f__Peptostreptococcaceae;g__Peptoclostridium,d__Bacteria;p__Firmicutes;c__Bacilli;o__Lactobacillales;f__Streptococcaceae;g__Streptococcus,d__Bacteria;p__Fusobacteriota;c__Fusobacteriia;o__Fusobacteriales;f__Fusobacteriaceae;g__Fusobacterium,d__Bacteria;p__Firmicutes;c__Bacilli;o__Lactobacillales;f__Lactobacillaceae;g__Lactobacillus,d__Bacteria;p__Firmicutes;c__Bacilli;o__Erysipelotrichales;f__Erysipelotrichaceae;g__uncultured,d__Bacteria;p__Firmicutes;c__Clostridia;o__Lachnospirales;f__Lachnospiraceae;g__Blautia,d__Bacteria;p__Bacteroidota;c__Bacteroidia;o__Bacteroidales;f__Prevotellaceae;g__Prevotella,d__Bacteria;p__Firmicutes;c__Clostridia;o__Oscillospirales;f__Ruminococcaceae;g__Faecalibacterium,d__Bacteria;p__Firmicutes;c__Bacilli;o__Erysipelotrichales;f__Erysipelatoclostridiaceae;g__Catenibacterium,d__Bacteria;p__Firmicutes;c__Bacilli;o__Erysipelotrichales;f__Erysipelotrichaceae;g__Allobaculum,d__Bacteria;p__Firmicutes;c__Bacilli;o__Erysipelotrichales;f__Erysipelotrichaceae;g__Turicibacter,d__Bacteria;p__Firmicutes;c__Bacilli;o__Erysipelotrichales;f__Erysipelotrichaceae;g__Holdemanella,d__Bacteria;p__Firmicutes;c__Clostridia;o__Clostridiales;f__Clostridiaceae;g__Clostridium_sensu_stricto_1,d__Bacteria;p__Bacteroidota;c__Bacteroidia;o__Bacteroidales;f__Bacteroidaceae;g__Bacteroides,d__Bacteria;p__Firmicutes;c__Clostridia;o__Peptococcales;f__Peptococcaceae;g__Peptococcus,d__Bacteria;p__Firmicutes;c__Clostridia;o__Peptostreptococcales-Tissierellales;f__Peptostreptococcaceae;g__Romboutsia,d__Bacteria;p__Actinobacteriota;c__Coriobacteriia;o__Coriobacteriales;f__Coriobacteriaceae;g__Collinsella,d__Bacteria;p__Firmicutes;c__Bacilli;o__Erysipelotrichales;f__Erysipelotrichaceae;g__Dubosiella,d__Bacteria;p__Firmicutes;c__Negativicutes;o__Veillonellales-Selenomonadales;f__Selenomonadaceae;g__Megamonas,d__Bacteria;p__Firmicutes;c__Clostridia;o__Lachnospirales;f__Lachnospiraceae;g__[Ruminococcus]_torques_group,d__Bacteria;p__Firmicutes;c__Clostridia;o__Peptostreptococcales-Tissierellales;f__Anaerovoracaceae;g__[Eubacterium]_brachy_group,d__Bacteria;p__Firmicutes;c__Clostridia;o__Lachnospirales;f__Lachnospiraceae;g__uncultured,d__Bacteria;p__Proteobacteria;c__Gammaproteobacteria;o__Aeromonadales;f__Succinivibrionaceae;g__Anaerobiospirillum,d__Bacteria;p__Firmicutes;c__Clostridia;o__Lachnospirales;f__Lachnospiraceae;g__[Ruminococcus]_gnavus_group,d__Bacteria;p__Bacteroidota;c__Bacteroidia;o__Bacteroidales;f__Prevotellaceae;g__Alloprevotella,d__Bacteria;p__Actinobacteriota;c__Actinobacteria;o__Bifidobacteriales;f__Bifidobacteriaceae;g__Bifidobacterium,d__Bacteria;p__Bacteroidota;c__Bacteroidia;o__Bacteroidales;f__Rikenellaceae;g__Rikenellaceae_RC9_gut_group,d__Bacteria;p__Firmicutes;c__Clostridia;o__Oscillospirales;f__Ruminococcaceae;g__Negativibacillus,d__Bacteria;p__Proteobacteria;c__Gammaproteobacteria;o__Burkholderiales;f__Sutterellaceae;g__Sutterella,d__Bacteria;p__Firmicutes;c__Bacilli;o__Erysipelotrichales;f__Erysipelotrichaceae;g__Ileibacterium,d__Bacteria;p__Firmicutes;c__Clostridia;o__Lachnospirales;f__Lachnospiraceae;g__Sellimonas,d__Bacteria;p__Firmicutes;c__Bacilli;o__Erysipelotrichales;f__Erysipelatoclostridiaceae;g__Erysipelatoclostridium,d__Bacteria;p__Firmicutes;c__Clostridia;o__Lachnospirales;f__Lachnospiraceae;g__[Ruminococcus]_gauvreauii_group,d__Bacteria;p__Bacteroidota;c__Bacteroidia;o__Bacteroidales;f__Prevotellaceae;g__Prevotellaceae_Ga6A1_group,d__Bacteria;p__Firmicutes;c__Bacilli;o__Erysipelotrichales;f__Erysipelotrichaceae;g__Faecalibaculum,d__Bacteria;p__Bacteroidota;c__Bacteroidia;o__Bacteroidales;f__Muribaculaceae;g__Muribaculaceae,d__Bacteria;p__Firmicutes;c__Clostridia;o__Oscillospirales;f__Oscillospiraceae;g__UCG-005,d__Bacteria;p__Firmicutes;c__Negativicutes;o__Acidaminococcales;f__Acidaminococcaceae;g__Phascolarctobacterium,d__Bacteria;p__Proteobacteria;c__Gammaproteobacteria;o__Burkholderiales;f__Sutterellaceae;g__Parasutterella,d__Bacteria;p__Firmicutes;c__Bacilli;o__Acholeplasmatales;f__Acholeplasmataceae;g__Anaeroplasma,d__Bacteria;p__Campilobacterota;c__Campylobacteria;o__Campylobacterales;f__Campylobacteraceae;g__Campylobacter,d__Bacteria;p__Firmicutes;c__Clostridia;o__Lachnospirales;f__Lachnospiraceae;g__Lachnospiraceae_NK4A136_group,d__Bacteria;p__Firmicutes;c__Clostridia;o__Lachnospirales;f__Lachnospiraceae;g__Lachnospiraceae_UCG-009,d__Bacteria;p__Actinobacteriota;c__Coriobacteriia;o__Coriobacteriales;f__Eggerthellaceae;g__Slackia,d__Bacteria;p__Firmicutes;c__Clostridia;o__Lachnospirales;f__Lachnospiraceae;__,d__Bacteria;p__Firmicutes;c__Clostridia;o__Lachnospirales;f__Lachnospiraceae;g__Tyzzerella,d__Bacteria;p__Firmicutes;c__Bacilli;o__Erysipelotrichales;f__Erysipelotrichaceae;g__Catenisphaera,d__Bacteria;p__Bacteroidota;c__Bacteroidia;o__Bacteroidales;f__Tannerellaceae;g__Parabacteroides,d__Bacteria;p__Proteobacteria;c__Gammaproteobacteria;o__Enterobacterales;f__Enterobacteriaceae;g__Escherichia-Shigella,d__Bacteria;p__Firmicutes;c__Clostridia;o__Lachnospirales;f__Lachnospiraceae;g__Lachnoclostridium,d__Bacteria;p__Firmicutes;c__Clostridia;o__Peptostreptococcales-Tissierellales;f__Anaerovoracaceae;g__[Eubacterium]_nodatum_group,d__Bacteria;p__Campilobacterota;c__Campylobacteria;o__Campylobacterales;f__Helicobacteraceae;g__Helicobacter,d__Bacteria;p__Firmicutes;c__Clostridia;o__Lachnospirales;f__Lachnospiraceae;g__Lachnospira,d__Bacteria;p__Firmicutes;c__Bacilli;o__Erysipelotrichales;f__Erysipelatoclostridiaceae;g__Erysipelotrichaceae_UCG-003,d__Bacteria;p__Firmicutes;c__Clostridia;o__Oscillospirales;f__Ruminococcaceae;g__uncultured,d__Bacteria;p__Firmicutes;c__Bacilli;o__Lactobacillales;f__Enterococcaceae;g__Enterococcus,d__Bacteria;p__Firmicutes;c__Clostridia;o__Lachnospirales;f__Lachnospiraceae;g__Oribacterium,d__Bacteria;p__Firmicutes;c__Clostridia;o__Oscillospirales;f__Ruminococcaceae;__,d__Bacteria;p__Firmicutes;c__Clostridia;o__Lachnospirales;f__Lachnospiraceae;g__CHKCI001,d__Bacteria;p__Firmicutes;c__Clostridia;o__Peptostreptococcales-Tissierellales;f__Anaerovoracaceae;__,d__Bacteria;p__Firmicutes;c__Clostridia;o__Oscillospirales;f__Butyricicoccaceae;g__Butyricicoccus,d__Bacteria;p__Firmicutes;c__Bacilli;o__Erysipelotrichales;f__Erysipelatoclostridiaceae;g__Candidatus_Stoquefichus,d__Bacteria;p__Bacteroidota;c__Bacteroidia;o__Bacteroidales;f__Prevotellaceae;g__Paraprevotella,d__Bacteria;p__Proteobacteria;c__Gammaproteobacteria;o__Aeromonadales;f__Succinivibrionaceae;g__Succinivibrio,d__Bacteria;p__Actinobacteriota;c__Coriobacteriia;o__Coriobacteriales;f__Eggerthellaceae;g__Parvibacter,d__Bacteria;p__Firmicutes;c__Clostridia;o__Oscillospirales;f__Ruminococcaceae;g__Fournierella,d__Bacteria;p__Firmicutes;c__Clostridia;o__Eubacteriales;f__Eubacteriaceae;__,d__Bacteria;p__Firmicutes;c__Clostridia;o__Lachnospirales;f__Lachnospiraceae;g__Cellulosilyticum,d__Bacteria;p__Firmicutes;c__Clostridia;o__Lachnospirales;f__Lachnospiraceae;g__Roseburia,d__Bacteria;p__Bacteroidota;c__Bacteroidia;o__Bacteroidales;f__Marinifilaceae;g__Odoribacter,d__Bacteria;p__Firmicutes;c__Clostridia;o__Clostridia_UCG-014;f__Clostridia_UCG-014;g__Clostridia_UCG-014,d__Bacteria;p__Firmicutes;c__Negativicutes;o__Veillonellales-Selenomonadales;f__Veillonellaceae;g__Allisonella,d__Bacteria;p__Firmicutes;c__Clostridia;o__Lachnospirales;f__Lachnospiraceae;g__Howardella,d__Bacteria;p__Firmicutes;c__Clostridia;o__Lachnospirales;f__Lachnospiraceae;g__Frisingicoccus,d__Bacteria;p__Firmicutes;c__Clostridia;o__Lachnospirales;f__Lachnospiraceae;g__[Eubacterium]_hallii_group,d__Bacteria;p__Firmicutes;c__Bacilli;o__Erysipelotrichales;f__Erysipelatoclostridiaceae;g__UCG-004,d__Bacteria;p__Firmicutes;c__Clostridia;o__Oscillospirales;f__Oscillospiraceae;g__Colidextribacter,d__Bacteria;p__Firmicutes;c__Clostridia;o__Clostridiales;f__Clostridiaceae;g__Candidatus_Arthromitus,d__Bacteria;p__Firmicutes;c__Clostridia;o__Oscillospirales;f__Butyricicoccaceae;__,d__Bacteria;p__Firmicutes;c__Clostridia;o__Oscillospirales;f__Oscillospiraceae;__,d__Bacteria;p__Actinobacteriota;c__Coriobacteriia;o__Coriobacteriales;f__Eggerthellaceae;g__uncultured,d__Bacteria;p__Firmicutes;c__Clostridia;o__Lachnospirales;f__Lachnospiraceae;g__Marvinbryantia,d__Bacteria;p__Firmicutes;c__Clostridia;o__Lachnospirales;f__Lachnospiraceae;g__Catenibacillus,d__Bacteria;p__Deferribacterota;c__Deferribacteres;o__Deferribacterales;f__Deferribacteraceae;g__Mucispirillum,d__Bacteria;p__Firmicutes;c__Clostridia;o__Peptostreptococcales-Tissierellales;f__Peptostreptococcaceae;g__Intestinibacter,d__Bacteria;p__Firmicutes;c__Clostridia;o__Oscillospirales;f__Oscillospiraceae;g__uncultured,d__Bacteria;p__Firmicutes;c__Clostridia;o__Oscillospirales;f__Ruminococcaceae;g__Caproiciproducens,d__Bacteria;p__Firmicutes;c__Clostridia;o__Oscillospirales;f__Oscillospiraceae;g__NK4A214_group,d__Bacteria;p__Firmicutes;c__Clostridia;o__Peptostreptococcales-Tissierellales;f__Peptostreptococcaceae;g__Terrisporobacter,d__Bacteria;p__Firmicutes;c__Clostridia;o__Christensenellales;f__Christensenellaceae;g__Christensenellaceae_R-7_group,d__Bacteria;p__Firmicutes;c__Clostridia;o__Lachnospirales;f__Lachnospiraceae;g__GCA-900066575,d__Bacteria;p__Firmicutes;c__Clostridia;o__Oscillospirales;f__Oscillospiraceae;g__Intestinimonas,d__Bacteria;p__Firmicutes;c__Clostridia;o__Peptostreptococcales-Tissierellales;f__Anaerovoracaceae;g__Family_XIII_AD3011_group,d__Bacteria;p__Firmicutes;c__Clostridia;o__Oscillospirales;f__Oscillospiraceae;g__Oscillibacter,d__Bacteria;p__Firmicutes;c__Bacilli;o__Erysipelotrichales;f__Erysipelotrichaceae;__,d__Bacteria;p__Firmicutes;c__Clostridia;o__Clostridiales;f__Clostridiaceae;__,d__Bacteria;p__Firmicutes;c__Clostridia;o__Oscillospirales;f__Ruminococcaceae;g__Phocea,d__Bacteria;p__Firmicutes;c__Bacilli;o__Lactobacillales;f__Leuconostocaceae;g__Leuconostoc,d__Bacteria;p__Firmicutes;c__Bacilli;o__Erysipelotrichales;f__Erysipelotrichaceae;g__Faecalitalea,d__Bacteria;p__Firmicutes;c__Clostridia;o__Lachnospirales;f__Lachnospiraceae;g__Tuzzerella,d__Bacteria;p__Firmicutes;c__Clostridia;o__Oscillospirales;f__Ruminococcaceae;g__Anaerofilum,d__Bacteria;p__Firmicutes;c__Clostridia;o__Oscillospirales;f__Oscillospiraceae;g__Flavonifractor,d__Bacteria;p__Firmicutes;c__Clostridia;o__Oscillospirales;f__Ruminococcaceae;g__Incertae_Sedis,d__Bacteria;p__Firmicutes;c__Clostridia;o__Oscillospirales;f__Butyricicoccaceae;g__uncultured,d__Bacteria;p__Proteobacteria;c__Gammaproteobacteria;o__Aeromonadales;f__Succinivibrionaceae;__,d__Bacteria;p__Firmicutes;c__Clostridia;o__Oscillospirales;f__Ruminococcaceae;g__Paludicola,d__Bacteria;p__Firmicutes;c__Bacilli;o__Bacillales;f__Planococcaceae;g__Kurthia,d__Bacteria;p__Firmicutes;c__Clostridia;o__Lachnospirales;f__Lachnospiraceae;g__Lachnospiraceae_UCG-010,d__Bacteria;p__Proteobacteria;c__Alphaproteobacteria;o__Rhizobiales;f__Beijerinckiaceae;g__Methylobacterium-Methylorubrum,d__Bacteria;p__Firmicutes;c__Clostridia;o__Peptostreptococcales-Tissierellales;f__Anaerovoracaceae;g__Family_XIII_UCG-001,d__Bacteria;p__Firmicutes;c__Clostridia;o__Oscillospirales;f__Oscillospiraceae;g__Oscillospira,d__Bacteria;p__Bacteroidota;c__Bacteroidia;o__Bacteroidales;f__Rikenellaceae;g__Alistipes,d__Bacteria;p__Proteobacteria;c__Gammaproteobacteria;o__Pasteurellales;f__Pasteurellaceae;g__Haemophilus,d__Bacteria;p__Firmicutes;c__Clostridia;o__Peptostreptococcales-Tissierellales;f__Peptostreptococcaceae;g__uncultured,d__Bacteria;p__Firmicutes;__;__;__;__,d__Bacteria;p__Firmicutes;c__Clostridia;o__Oscillospirales;f__[Eubacterium]_coprostanoligenes_group;g__[Eubacterium]_coprostanoligenes_group,d__Bacteria;p__Firmicutes;c__Clostridia;o__Oscillospirales;f__Ruminococcaceae;g__UBA1819,d__Bacteria;p__Actinobacteriota;c__Actinobacteria;o__Corynebacteriales;f__Mycobacteriaceae;g__Mycobacterium,d__Bacteria;__;__;__;__;__,d__Bacteria;p__Bacteroidota;c__Bacteroidia;o__Bacteroidales;__;__,d__Bacteria;p__Firmicutes;c__Bacilli;__;__;__,d__Bacteria;p__Firmicutes;c__Bacilli;o__Lactobacillales;f__Streptococcaceae;g__Lactococcus,d__Bacteria;p__Firmicutes;c__Clostridia;o__Lachnospirales;f__Lachnospiraceae;g__Lachnospiraceae_NC2004_group,d__Bacteria;p__Proteobacteria;c__Gammaproteobacteria;o__Enterobacterales;f__Enterobacteriaceae;__,d__Bacteria;p__Firmicutes;c__Clostridia;o__Lachnospirales;f__Lachnospiraceae;g__Lachnospiraceae_UCG-004,d__Bacteria;p__Actinobacteriota;c__Actinobacteria;o__Micrococcales;f__Micrococcaceae;g__Glutamicibacter,d__Bacteria;p__Actinobacteriota;c__Thermoleophilia;o__Solirubrobacterales;f__67-14;g__67-14,d__Bacteria;p__Firmicutes;c__Bacilli;o__Lactobacillales;f__Lactobacillaceae;__,d__Bacteria;p__Firmicutes;c__Clostridia;o__Peptostreptococcales-Tissierellales;f__Peptostreptococcaceae;__,d__Bacteria;p__Actinobacteriota;c__Actinobacteria;o__Micromonosporales;f__Micromonosporaceae;g__Actinoplanes,d__Bacteria;p__Proteobacteria;c__Gammaproteobacteria;o__Pasteurellales;f__Pasteurellaceae;__,d__Bacteria;p__Actinobacteriota;c__Actinobacteria;o__Corynebacteriales;f__Corynebacteriaceae;g__Corynebacterium,d__Bacteria;p__Proteobacteria;c__Gammaproteobacteria;o__Pseudomonadales;f__Pseudomonadaceae;g__Pseudomonas,d__Bacteria;p__Desulfobacterota;c__Desulfovibrionia;o__Desulfovibrionales;f__Desulfovibrionaceae;g__Mailhella,d__Bacteria;p__Firmicutes;c__Clostridia;o__Oscillospirales;__;__,d__Bacteria;p__Proteobacteria;c__Alphaproteobacteria;o__Rickettsiales;f__Mitochondria;g__Mitochondria,d__Bacteria;p__Firmicutes;c__Clostridia;o__Oscillospirales;f__Oscillospiraceae;g__Pseudoflavonifractor,Unassigned;__;__;__;__;__,d__Bacteria;p__Firmicutes;c__Clostridia;o__Clostridia_vadinBB60_group;f__Clostridia_vadinBB60_group;g__Clostridia_vadinBB60_group,d__Bacteria;p__Firmicutes;c__Bacilli;o__Staphylococcales;f__Staphylococcaceae;g__Staphylococcus,d__Bacteria;p__Firmicutes;c__Bacilli;o__Lactobacillales;__;__,d__Bacteria;p__Actinobacteriota;c__Coriobacteriia;o__Coriobacteriales;f__Atopobiaceae;g__uncultured,d__Bacteria;p__Firmicutes;c__Clostridia;__;__;__,d__Bacteria;p__Firmicutes;c__Clostridia;o__Lachnospirales;f__Lachnospiraceae;g__Lachnospiraceae_UCG-008,d__Bacteria;p__Actinobacteriota;c__Coriobacteriia;o__Coriobacteriales;f__Eggerthellaceae;__,d__Bacteria;p__Proteobacteria;c__Alphaproteobacteria;o__Rhizobiales;f__Xanthobacteraceae;__,d__Bacteria;p__Actinobacteriota;c__Actinobacteria;o__Actinomycetales;f__Actinomycetaceae;g__Actinomyces,d__Bacteria;p__Firmicutes;c__Clostridia;o__Peptostreptococcales-Tissierellales;f__Peptostreptococcaceae;g__Peptostreptococcus,d__Bacteria;p__Bacteroidota;c__Bacteroidia;__;__;__,d__Bacteria;p__Fusobacteriota;c__Fusobacteriia;o__Fusobacteriales;f__Fusobacteriaceae;__,d__Bacteria;p__Firmicutes;c__Bacilli;o__Lactobacillales;f__Lactobacillaceae;g__Pediococcus,d__Bacteria;p__Firmicutes;c__Bacilli;o__Paenibacillales;f__Paenibacillaceae;g__Paenibacillus,d__Bacteria;p__Verrucomicrobiota;c__Chlamydiae;o__Chlamydiales;f__Parachlamydiaceae;g__Candidatus_Protochlamydia,d__Bacteria;p__Firmicutes;c__Clostridia;o__Eubacteriales;f__Eubacteriaceae;g__Eubacteriaceae,d__Bacteria;p__Firmicutes;c__Clostridia;o__Lachnospirales;f__Lachnospiraceae;g__[Eubacterium]_oxidoreducens_group,d__Bacteria;p__Firmicutes;c__Bacilli;o__Bacillales;__;__,d__Bacteria;p__Actinobacteriota;c__Coriobacteriia;o__Coriobacteriales;f__Eggerthellaceae;g__Enterorhabdus,d__Bacteria;p__Proteobacteria;c__Gammaproteobacteria;o__Pseudomonadales;f__Moraxellaceae;g__Acinetobacter,d__Bacteria;p__Cyanobacteria;c__Cyanobacteriia;o__Chloroplast;f__Chloroplast;g__Chloroplast,d__Bacteria;p__Firmicutes;c__Clostridia;o__Lachnospirales;f__Lachnospiraceae;g__Anaerostignum,d__Bacteria;p__Firmicutes;c__Negativicutes;o__Acidaminococcales;f__Acidaminococcaceae;__,d__Bacteria;p__Actinobacteriota;c__Coriobacteriia;o__Coriobacteriales;f__Atopobiaceae;__,d__Bacteria;p__Actinobacteriota;c__Actinobacteria;o__Propionibacteriales;f__Nocardioidaceae;g__Aeromicrobium,d__Bacteria;p__Armatimonadota;c__Fimbriimonadia;o__Fimbriimonadales;f__Fimbriimonadaceae;g__Fimbriimonadaceae,d__Bacteria;p__Actinobacteriota;c__Actinobacteria;o__Pseudonocardiales;f__Pseudonocardiaceae;g__Pseudonocardia,d__Bacteria;p__Actinobacteriota;c__Actinobacteria;o__Micrococcales;f__Microbacteriaceae;g__Leucobacter,d__Bacteria;p__Proteobacteria;c__Alphaproteobacteria;o__Sphingomonadales;f__Sphingomonadaceae;g__Sphingomonas,d__Bacteria;p__Firmicutes;c__Bacilli;o__Lactobacillales;f__Enterococcaceae;__,d__Archaea;p__Crenarchaeota;c__Nitrososphaeria;o__Nitrososphaerales;f__Nitrososphaeraceae;g__Candidatus_Nitrocosmicus,ExerciseCat,Glucosamine,group
MN10Mar2,0.116739139,0.013531349,0.064628166,0.15926425,0.062572068,0.033147636,0.017574082,0.019255081,0.001278115,0.07954877,0.02974396,0.001889387,0.015267918,0.072241286,0.010197135,0.023283922,0.004237229,0.041872161,0,0.002778511,0.008016004,0.002542338,0.001403148,0.002347842,0.008404996,0.010280491,0.02267265,0.023547881,0.010544449,0,0.001569859,0.001833817,0.000958586,0.003584279,0.003084147,0.040691294,0.010558342,0.001472611,0.00761312,0.000444562,0,0.004973535,0.000736305,0.001917173,0.008418888,0.002750726,0.000527917,0.009071838,0.000263959,0.002000528,0.002417305,0.00136147,0.001639321,0,0.001500396,0.000833553,0.002083883,0.000972479,0.000930801,0.007293591,0.000416777,0.000236173,0.001375363,0,0.000388992,0,0.000430669,0,0.000611272,0.000555702,0.000430669,0,0.000472347,0.001653214,0,0.001166975,0.001055834,0,0,0.00201442,0.000263959,0.000680735,0.000444562,0,0,0.000500132,0,0.000680735,0,0.002973007,0,0,0.00054181,0,0.000152818,0,0.000416777,0,0,0,0.000430669,0,0,0,0,0.000291744,0,0,0,8.34E-05,0.000277851,2.78E-05,0,0,0,0.000236173,0.000236173,0,0,0.000166711,6.95E-05,0,0,0,0.000222281,0,0,0,0,0,0,0,0,0,0,0,0,0,6.95E-05,0,5.56E-05,5.56E-05,0,0,0,0,0,0,0,0,0,0,0,0,0,0,0,0,0,0,0,0,0,0,0,0,0,0,0,pre,no,pre-no
MN10Mar4,0.265430539,0.002768105,0.078726232,0.06322704,0.041653394,0.069444292,0.058020365,0.036281951,0.016092358,0.046893022,0.040335248,0.007403583,0.011632633,0.039335655,0.009732307,0.014565506,0.005030921,0.029262827,0.000933686,0.010556148,0.006931248,0.006096422,0.016553709,0.003009765,0.005547195,0.00712897,0.002647275,0.013478036,0.009556554,0,0.003218472,0.003460132,0.003273394,0.007150939,0.003789668,0.001241254,0.006151345,0.003053703,0.002625306,0.000186737,0.000999594,0.001702604,0.002021156,0.002098048,0.010215627,0.001735558,0.001889342,0.002284785,0.000746949,0.003218472,0.001713589,0.001307161,0.00217494,0.001504883,0.0012083,0,0.000878764,0.001878357,0.000713995,0.000384459,0.001856388,0.000186737,0.000131815,0.000219691,0.000593165,0.000516274,0,0,9.89E-05,2.20E-05,0,0,0.000867779,0,0,0,0,0.000428397,0.000439382,0.000450366,0.000285598,0.000406428,0.000329536,0.000142799,0,8.79E-05,0,0.000175753,0,0.00012083,0,0.000131815,0,0.000274614,0.000175753,0,0,0,0,0.000461351,0.000230675,0,0,0,0,0,0,0,0,0,0,0,0,0,3.30E-05,0,0,0,8.79E-05,3.30E-05,0,0,0,0,0,0,0,0,0,0,0,2.20E-05,0,0,0,0,0,0,0,0,0,0,4.39E-05,0,0,0,0,0,0,0,0,0,0,0,0,0,0,0,2.20E-05,2.20E-05,0,0,0,0,0,0,0,0,0,pre,no,pre-no
MN10Mar5,0.501282946,0.094654196,0.010452756,0.008750044,0.000662166,0.107412706,0.00086318,0.001300682,0.0676946,0.012096345,0.001844604,0.03427889,0.032588003,0.000827707,0.010677419,0.009459507,0.011824384,0,0.000425678,0.013456149,0.002270282,0.008856464,4.73E-05,0.01459129,0,0,0,0,0.000106419,0,0.003618262,0.007827742,0.003062516,4.73E-05,0,0,0.000153717,0,2.36E-05,0,0,0,0.003701032,0.005652056,0.000957775,0.006054085,0.00115879,0,0.000685814,0.004375022,0,0,0,0.015040617,0,0,0,0,0,0,0.000626692,0,0,0,0.000283785,0,0,0,0,0,0,7.09E-05,0,0,0,0,0,0,7.09E-05,0,0,0,0,0,0,0,0,0,0,0,0,0,0,0,0,4.73E-05,0,0,0,0,9.46E-05,0,0,0,0,0,0,0,0,0,0,0,0,0,0,0,0,0,0,0,0,0,0,0,0,0,0,0,0,0,0,2.36E-05,0,0,0,0,0,0,0,0,0,0,0,0,0,0,0,0,0,0,0,0,0,0,0,0,0,0,0,0,0,0,0,0,0,0,0,0,0,pre,yes,pre-yes
MN10Mar6,0.315155547,0,0.095656099,0,0,0.039340991,0.014598453,0,0.121942818,0.01165263,0,3.56E-05,0,0.055685557,0,0.000938387,0.012448478,0,0.204568401,0,0,0.017544276,0.047002506,0.02267571,0.007031965,0,0,0,0.010037179,0,0,0,0.000498889,0.011961467,0,0,0,0.0009859,0.000130662,4.75E-05,0,0,0,0.000332593,0.002743892,0,9.50E-05,0,0,0.000736456,0,0.000130662,0,0,0.000463254,0,0,0,0,0,0,0,0,0.001377885,0,0.000296958,0,3.56E-05,0,0,0,0,0,0,0,0,0,0,0,0,0,0,0,0,0,0,0,0,0,0,0,0,0,0,0,0,0,0.002589473,0.000308836,0,0,0,0.000510768,0,0,0,0.000190053,0,0,0,0,0,0,0,0,0,0,0,0.000106905,0,0,0,0,0,0,5.94E-05,0,0,3.56E-05,0,0,0,0,0,0,0,0,0,0,0,0,0,0,4.75E-05,0,0,0,0,0,0,0,0,0,0,0,0,0,0,0,0,0,0,0,0,0,0,0,0,0,pre,yes,pre-yes
MN10Mar7,0.467260714,0.029338293,0.003741633,0.006607334,0.001243606,0.087593135,0.004433727,0.046002617,0.092189071,0.012922691,0.01654537,0.054534837,0.025423637,0.00261698,0.011852108,0.04963611,0.011451991,0,0.007180474,0.008110475,0.004044424,0.001438258,0.000118954,0.007969894,0,0.000994885,0,0.004336401,0.001167908,0,0.002973841,0.002800818,0.003438842,7.57E-05,0,0.000118954,0.000183837,0.000129768,0,0,0,0.000497442,0.003081981,0.00403361,0.004920355,0.003709191,0.00136256,0,0.001178722,0.003103609,0.000335233,0,0,0.000400117,0,0.000140582,0.000205465,0.000378489,0.001319304,4.33E-05,0.001157095,0,0,0.000475815,0.00073535,0,0,0,0,0,8.65E-05,0.002876515,0.000508256,0,0,0,0,0,0,0,0.000356861,0,0.000346047,0,0,0,0,0,0,0,0,0,0,0,0,0,0,0,0,0,0,0,0,0,0,0,0,0,0,0,0,0,0,0,0,0,0,0,0,0,0,4.33E-05,0,0,0,0,0,0,8.65E-05,0,0,0,0,0,0,6.49E-05,0,3.24E-05,0,0,0,0,0,0,4.33E-05,0,0,0,0,0,0,0,0,0,0,0,0,0,0,0,0,0,0,0,0,0,0,0,0,pre,yes,pre-yes
MN10Mar8,0.106329772,0.024244097,0.097106297,0.27988698,0.070345231,0.025380793,0.023691988,0.008444026,0.00043844,0.061673866,0.003182748,0.002078529,0.002825501,0.040596278,0.010733656,0.010278978,0.002500731,0.03195739,0.000276055,0.004416875,0.006852652,0.00228963,0.004433114,0.00087688,0.011610536,0.012048975,0.012877139,0.019080251,0.005358709,0.000893118,0.001558897,0.001250365,0.001688805,0.002971648,0.002922932,0.031048034,0.005537332,0.001282842,0.007518431,9.74E-05,0,0.001948621,0.000568348,0.001282842,0.004481829,0.001428989,0.000584586,0.008200448,0.003864766,0.000698256,0.002549446,0.000844403,0.005634763,0,0.001136696,0,0.001169173,0.000454678,0.00076321,0.005212562,0.001071742,0,0.001396512,0,0.000422201,0,0.002257153,0.00032477,0,0.00076321,0.000243578,0,0.000276055,0.003783573,0,0.000844403,0.000405963,0,0.000487155,0.002224676,0.00043844,0.000552109,0.000276055,0,0,0.000600825,4.87E-05,0.000227339,0,0.000811926,0,0,0.000698256,0.000178624,3.25E-05,0,0.000454678,0,0,0,0,0,0,0,0.000211101,0.000194862,0,0,0,0.000389724,0,0.00032477,0,0,0.000129908,0,0,0,0.00011367,3.25E-05,0,0,0,0,0.000129908,0,0,4.87E-05,0,0,0,0,0,8.12E-05,0,0,0,0,0,0,0,0,0,0,0,0,0,0,0,0,4.87E-05,0,0,0,0,0,0,0,0,0,3.25E-05,3.25E-05,0,0,0,0,0,0,0,pre,no,pre-no
MN10Mar9,0.303732776,0.138623786,0.006296589,0.172323244,0.002103569,0.095535916,0.001298848,0.010503727,0.010997854,0.01555794,0.060523492,0.015939124,0.08678281,0.002117687,0.004630675,0.014724983,0.005449514,0,0.00033883,0.006353061,0.002936526,0.0071719,7.06E-05,0.008287215,0,0.00101649,0,0.000254122,0.000155297,0,0.004489496,0.004588322,0.001680032,0,0.000254122,0.000112943,0,7.06E-05,0.000112943,0,0,0.000282358,0,0.001440027,0.000451773,0.001750621,0.000352948,0,0,0.001397673,0.000155297,0,0,0.003614186,0,0.002400045,0,0,0.000296476,0,0.001270612,0,0,0,0.00026824,0.000225887,0,2.82E-05,0,0,0,0,0.000282358,0,0,0,0,0.000282358,0,0,7.06E-05,0,0,0,0,0,0,0,0,0,0,0,0,0,0,0.000352948,0,0,0,0,0,0,0,0,0,0,0,0,0,0,0,0,0,0,0,0,0,0,4.24E-05,0,0,0,0,0,0,0,0,0,0,0,0,0,0,0,0,0,0,0,0,0,0,0,0,0,0,0,0,0,0,0,0,0,0,0,0,0,0,0,0,0,0,0,0,0,0,0,0,0,0,pre,no,pre-no
MN1Mar10,0.147339739,0.007188718,0.004116121,0.531979651,0.077264229,0.040668435,0,0.002710263,0.004188588,0.091482238,0.011377306,0.003420439,0.001391365,8.70E-05,0.006246648,0.0056959,0.002898677,0.026073597,0.000521762,0.003463919,0.002710263,0.002362422,0,0.00300013,0,0.012000522,2.90E-05,0.000637709,0.000159427,0,0,0.000753656,0.001550792,0,0,0,0.001333391,0.000101454,0,0,0,0,0.000913083,0.000608722,0.000449295,0,0.001246431,0,8.70E-05,0.000884096,0,0,0,0,0,0,0,0,0,0,0.000695682,0.000159427,0,0.000173921,0.000115947,0,0,2.90E-05,0,0,0.000202907,0.000159427,0.000231894,0,0,0,0,0,0,0,0,0,0,0,0,0,0,0,0,0,0,0,0,0,0,0,0,0,0,0,0,0,0,0,0,0,0,0,0.000550749,0,0,0,0,0,0,0,0,0.000246388,0,0,0,0,0,0,0,7.25E-05,0.00013044,0,0,0.000115947,0,0,0,0,0,2.90E-05,0,0,0,0,0,0,0,0,0,5.80E-05,0,0,0,0,0,4.35E-05,4.35E-05,0,0,0,0,0,0,0,0,0,0,0,0,0,0,0,0,post,yes,post-yes
MN1Mar11,0.314453467,0.086494566,0.020334236,0.207301472,0.072045139,0.056329872,0.000794516,0.006679325,0.001858361,0.071250623,0.018152682,0.007810501,0.018960665,0.000848382,0.016684846,0.014584091,0.007029451,0.012968125,0,0.007473842,0.005669346,0.000457857,0,0.001360104,0,0.006544661,0.000161597,0.004416973,0.000201996,0,0.005521216,0.002854873,0.001939159,0.000161597,0.004834431,0.000242395,0.001858361,0.000107731,0,0,0,0.00092918,0.002127688,0.001993024,0.003555125,0.000552122,0.000754117,0,0.002585545,0.001723697,0.00048479,5.39E-05,0.000107731,0.001211974,0.000242395,0.00078105,0.00063292,0.000417458,0.000215462,0,0,0.000390525,0,0,0.000242395,0,0.000121197,0,0,0,0,0,0.000188529,0,0,0,0,0,0,0,0.000269328,0.000390525,0,0,0,0,0,0,0.001440903,0,0,0,0,0,0,0,0,0,0,0,0,0,0,0,0,0,9.43E-05,0,0,0,0,0,0,0,0,0,0,0,4.04E-05,0,4.04E-05,0,0,0,0,0,0,0,0,0,0,2.69E-05,0,0,0,0,0,0,0,0,0,0,0,0,0,0,0,0,0,0,0,0,0,0,0,0,0,0,0,0,0,0,0,0,0,0,0,0,0,post,no,post-no
MN1Mar12,0.265924625,0.123851569,0.082294987,0.032761177,0.039494094,0.087715411,0.03477253,0.024340771,0.016806723,0.051204255,0.019210118,0.015784001,0.004346566,0.028482793,0.030102102,0.014420373,0.012204476,0.006272692,0.000494315,0.007653366,0.006221556,0.002437486,0.012068113,0.00356248,0.005744286,0.002488622,0.002062488,0.006988597,0.005198834,0,0.004397702,0.003647707,0.002846575,0.000937495,0.000545451,0.00168749,0.005232925,0.001124994,0.001278402,0,0,0.002710212,0.001142039,0.002676121,0.005096562,0.000920449,0.000357953,0.001227266,0,0.002352259,0,0.002454532,0.001022721,0.000306816,0.000920449,0,0.000767041,0.000784086,0.000562497,0,0.001227266,0,0,0.000170454,0.000460225,0,0.000136363,0,0.003409072,0,0.000511361,0,0.000272726,0,0,0.000136363,0.000306816,0,0.000204544,0,0.000119318,0.000272726,0,0.002079534,0,0,0.000187499,0,0,0.000153408,0,0,0,0.000119318,0,0,0,0,0,0,0,0,0,0,0,0,0,0,0,0,0,0,0,0,0,0,0,0,8.52E-05,0.000119318,0,0,0,0,6.82E-05,0,0,0,0,0,0,0,0,0,0,0,0,0,0,0,0,0,0,0,0,0,0,0,0,0,0,0,0,5.11E-05,0,0,0,0,0,0,0,0,0,0,0,0,0,0,0,post,no,post-no
MN1Mar13,0.337433544,0.000772287,0.071632436,0.003077956,0.00082825,0.091935755,0.050198668,0.053377357,0.047568415,0.015412166,0.095629302,0.014572724,0.000358162,0.026850971,0,0.011931278,0.011427612,0,0.006055179,0.012860261,0.000302199,0.012199899,0.014360065,0.004801612,0.007554983,0,0,8.95E-05,0.00980469,0,0.003033186,0.007823605,0.002854105,0.005383625,0,0.000649169,0.004980693,0.00405171,0.000805865,0.000279814,0,0.00335777,0.002115395,0.003671162,0.008136997,0.012580447,0.009625609,0,0,0.007040125,0,0.002999608,0.005473166,0,0.000615591,0,0,0.001141642,0,0,0.000447703,0.001029716,0,0.003122727,0.000402932,0.004353909,0,0,0.00121999,0,5.60E-05,0,0.000649169,0,0,0,0,0.000313392,0,0,0,0,0,0,0,5.60E-05,0,0,0,0,0,0.000257429,0,0.000123118,0,0,0,0,5.60E-05,0,0,0,0,0,0,0,0,0,0,0,0,0,0,0,0,0,0,0,4.48E-05,0,0.000167889,0,0,0,0,0,0,0,0,0,0,0,0,0,0,0,0,0,0,0,0,0,2.24E-05,0,0,0,0,0,0,0,0,0,0,0,0,0,0,0,0,0,0,0,2.24E-05,0,0,0,0,0,0,post,no,post-no
MN1Mar14,0.17240471,0.036943866,0.089534547,0.180030556,0.010747307,0.046268735,0.141242789,0.031794115,0.008113163,0.024286806,0.036166794,0.006572189,0.011708769,0.04067118,0.004780971,0.014263889,0.004517557,0.001000975,0.00586097,0.00439902,0.004517557,0.002291705,0.007559993,0.002080974,0.015857546,0.002660485,0.00293707,0.011129257,0.012696573,0,0.003279509,0.004504386,0.002699997,0.005334141,0,0.00329268,0.005742433,0.002884387,0.004543898,0.000158049,0,0.00110634,0.001488291,0.001172194,0.008376577,0.00256829,0.000302927,0.001422438,0.000197561,0.001066828,0.000579512,5.27E-05,0.001857071,0.00110634,0.001554145,0,0.001066828,0.001619998,0.000381951,0,0.001238048,0.000250244,0.000671707,0.000316097,0.00055317,0,0.000302927,0,0,0.000118536,0.000698048,0.000579512,0.000210732,0.000118536,0,0.000289756,0.000263414,0.000131707,0.000395122,0,0.000144878,0,0,0,0,0,0,0.000276585,0,9.22E-05,0,0.000619024,0,0.000171219,0,0,0,0,0,0,0,0,0,0,0.00036878,0,0.000381951,0,0,0,0,0,0,0,0.000118536,0,0,0,0,2.63E-05,0,0,0,0,9.22E-05,5.27E-05,0,0,9.22E-05,0,0,0,0,0,0,0,0,0,0,0,0,0,0,0,0,0,0,0,0,0,0,0,0,0,0,0,0,0,0,0,0,0,0,2.63E-05,0,0,0,0,0,post,no,post-no
MN1Mar15,0.065091651,0.012116731,0.097410884,0.251338684,0.109503763,0.020345613,0.015980728,0.007274809,0.000357777,0.091674518,0.011758953,0.000942147,0.002444813,0.065497132,0.005915254,0.023434425,0.002516368,0.029206569,0.002051258,0.002158591,0.004042886,0.001621925,0.006976661,0.000763259,0.007966512,0.00794266,0.016314653,0.009826955,0.004627255,4.77E-05,0.000632074,0.000810962,0.001073332,0.002683331,0.00364933,0.03807945,0.008515104,0.001741184,0.017984282,0.000214666,0,0.001419184,0.000834814,0.001192592,0.004591478,0.000441259,0,0.009015993,0.003625479,0.000703629,0.001216443,0.000214666,0.003553923,7.16E-05,0.000763259,0,0.000739407,0.000918296,0.00084674,0.003601627,0.000918296,0,0.001359554,0,0.000393555,0,0.001407258,0,0.000393555,0.000620148,0.000250444,0.000322,0.000310074,0.000429333,0,0.001180666,0.000250444,0.000166963,0.000369703,0.000620148,0,0.000405481,0,0,0,0.000572444,0,0.000143111,0,0.00084674,0,0,0.00058437,0.000131185,0.001311851,0,0.000310074,0,0,0,0,0,0,0,0,0,0,0,0,9.54E-05,2.39E-05,7.16E-05,0,0,0,0,0,0,7.16E-05,3.58E-05,0,0,0,0,0,0,0,0,8.35E-05,0,0,0,0,0,0,0,0,0,0,0,0,0,3.58E-05,0,0,0,0,0,0,0,0,0,0,0,0,0,0,0,0,0,0,0,0,0,0,0,0,0,0,post,no,post-no
MN1Mar16,0.141204202,0.00134013,0.248809438,0.004379352,0.000119654,0.056129897,0.080850504,0.025558188,0.022997583,0.011259483,0.023751406,0.006473305,0.011510757,0.095867136,0.005276761,0.039342379,0.004379352,0,0.03046402,0.006126307,0,0.009153565,0.019814775,0.004738316,0.029099959,0,0.002847776,0.001124752,0.027676072,0,0.001411922,0.001591404,0.0022854,0.035214301,0,0.003984493,0.004666523,0.006078445,0.010397971,0,0.000215378,0.002105918,0.001196544,0.000406825,0.004534903,4.79E-05,0.001232441,0.000765788,0,0.0039127,0,0.00039486,0.000466652,0,0.000646134,0,0,0.000382894,0,0,0.000478618,0.000777754,0,0.002895637,0.000311102,0,0,0,0,0,0.000287171,0.000275205,0.000143585,0,0.000418791,0,0,0.000430756,0.000275205,0,0,0,0.00026324,0,0,0,0.000107689,0,0.000215378,0,0,0,0,0.000311102,0,0,0,0,0,0,0.000119654,0,0,3.59E-05,0,0,0.000155551,0,0,0,0,0,0,0,0,0,0,0,5.98E-05,0,0,0,0,0,4.79E-05,0,0,0,0.00013162,0,0,0,0,0,0,0,0,0,0,0,0,0,0,0,0,0,0,0,0,0,0,0,0,0,0,2.39E-05,0,0,0,0,0,0,0,0,0,0,0,0,0,post,yes,post-yes
MN1Mar2,0.309333675,4.28E-05,0.110099099,0.000213805,0,0.061885978,0.035256513,0,0.088675796,0.014506697,0.000652107,0,0.001314903,0.098222208,0,0.001261452,0.012849705,0,0.067958051,0,0,0.025143517,0.106464407,0.027538138,0.00553756,0,0,0,0.011513422,0,0,0,0,0.00788942,0,0,0,0.001785275,0.000545204,0.000566584,0,0,0,0.000865912,0.001945629,0,0,0,0.002319789,0.001870797,0,0.00039554,0,0,0.001229381,0,0,0,0,0,0,0,0,0.000855222,0,0.000587965,0,0,9.62E-05,0,0,0,0,0,0,0,0,0,0,0,0,0,0,0,0,0,0.000299328,0,0,0,0,0,0,0,0,0,0,0,0.000235186,0,0,0,0,0,0,0,0,0,0,0,0,0,0,0,0,0,0,0,0,0,0,0,0,0,0,2.14E-05,0,0,0,0,0,0,0,0,0,0,0,0,0,0,0,0,0,0,0,0,0,0,0,0,0,0,0,0,0,0,0,0,0,0,0,0,0,0,2.14E-05,0,0,0,0,post,yes,post-yes
MN1Mar3,0.435436602,0.072525688,0.007791627,0.129362193,0.012523098,0.092204842,0.008085873,0.014582818,0.02273931,0.023363111,0.013829549,0.016101126,0.040558831,0.004684392,0.011816909,0.007685698,0.008650824,0.005237574,0.000117698,0.01238186,0.005590669,0.002495204,0,0.003731036,0,0.00277768,0.000211857,0.002377506,0.000117698,0,0.006755882,0.00344856,0.00277768,8.24E-05,0.002824759,0.000153008,0.001035745,9.42E-05,0,0,0,0,0.001530078,0.002907148,0.001200523,0.002389275,0.002624672,0,0,0.005802526,0.001965561,0,0,0.003036616,0,0.000411944,0,0,0,0,0.001082824,0,0,0,0.00070619,0.000141238,0,0,0,0,0,0,0,0,0,3.53E-05,0,0,0.000129468,0,0.00068265,0.000635571,0.000294246,0,0,0,0,0,0,0,0,0,0,0,0,7.06E-05,0,0,0,0,0,0,0,0,0,0,0,7.06E-05,0,0,0,0,0,0,0,0,0,0,2.35E-05,0,0,0,0,0,0,0,0,0,0.000105928,0,0,0,0,0,0,0,0,0,0,0,0,0,0,0,0,0,0,0,0,0,0,0,0,0,0,0,0,0,0,0,0,0,0,0,0,0,0,0,0,post,no,post-no
MN1Mar4,0.121541427,0.018031498,0.068575486,0.201503893,0.050582029,0.046334103,0.025069108,0.012946666,0.0020035,0.116735563,0.0200984,0.004539575,0.007658949,0.049111105,0.016040679,0.007291218,0.004095762,0.047944511,0.002637519,0.003220816,0.003613908,0.002421952,0.003436383,0.00133144,0.015368619,0.005224316,0.007494104,0.00637823,0.006238746,0.045725444,0.00234587,0.001115873,0.001737212,0,0.004374731,0.021315716,0.007506784,0.001597728,0.006213385,0,0,0.001889376,0.000976389,0.001420202,0.003880196,0.000621339,0.000291649,0.00300525,0,0.001597728,0.001432883,2.54E-05,0.00100175,0,0.000963709,0,0.000824225,0.000380411,0.000976389,0.000621339,0.00034237,0,0.001141234,0,0.000266288,0,0.00100175,0.000240927,0,0.000532576,2.54E-05,0.000202886,0.000291649,0.000240927,0,0.000849585,6.34E-05,0.000900307,0.000139484,0.001407522,0.000202886,0.000355051,0,0,0,0.000507215,0,0.000202886,0,0.000608658,0.000164845,0,0.000190206,7.61E-05,0,6.34E-05,0.000215566,0,0,0,0,0,0,0,3.80E-05,0,0,0,0,0.000139484,0.000101443,0,0,0,0,0,0,0,0,0,5.07E-05,0,0.000126804,0,0,0,0,0,0,0,0,0,0,0,0,0,0,0,0,0,0,0,0,0,0,0,0,0,0,0,0,0,0,0,0,0,0,0,0,0,0,0,0,0,0,0,0,0,0,post,no,post-no
MN1Mar5,0.27426287,0.33710824,0.006699322,0.148885948,0.005703292,0.040700768,0.002346809,0.002237655,0.009100708,0.005525917,0.006085331,0.026428893,0.026660845,0.002810713,0.003438349,0.002988089,0.007668063,0.001132472,0.000109154,0.007436111,0.001282559,0.045639983,0,0.013030249,2.73E-05,0.000886876,0,0,0.000259241,0,0,0.005812446,0.001541799,0.000163731,0,0,0,8.19E-05,0,0,0,0,0,0.002073924,4.09E-05,0.002278588,0,0,0.000245596,0.001555443,0,0.000313818,8.19E-05,0.00206028,0,0.00286529,0,0,0,0,0,0,0,0,0.000750433,0,0,0,0,0,0,0,0,0,0,0,0,0,0,0,0,0,0,0.000231952,0,4.09E-05,0,0,0.001378068,0,0,0,0,0,0,0,0,0,0,0,0,0,0,0,0,0,0,0,0,0,0,0,0,0,0,0,0,0,0,0,2.73E-05,0,0,0,0,0,0,0,0,0,0,0,0,0,0,0,0,0,0,0,0,0,0,0,0,0,0,0,0,0,0,0,0,0,0,0,0,0,0,0,0,0,0,0,0,0,0,0,0,post,no,post-no
MN1Mar6,0.244458695,0.141731954,0.033568461,0.063916692,0.005827083,0.071974238,0.024047174,0.042002398,0.039019154,0.020046282,0.016700588,0.019209859,0.152159367,0.003108707,0.010664399,0.030585218,0.007012017,0.001212814,0.001993476,0.010845624,0.002453509,0.002969303,0,0.004851256,0.000515794,0.001352218,0,0.002202582,0.001198874,0,0.005032481,0.007207182,0.004502746,0.000278808,0,0.000236987,0.001951655,0.001157052,0.000250927,0,0,0.001240695,0.001352218,0.001826191,0.002648674,0.00284384,0.002104999,8.36E-05,0,0.002341986,0.000320629,0,0.000111523,0.003512979,0.000236987,0,0.000404271,0.000669139,0.000250927,0,0.002063178,0,0,9.76E-05,0.000501854,0,0,0,0,0,0,0.000543675,6.97E-05,5.58E-05,0,0,0,0.00036245,0,0,0.000111523,0,0,0,0,0,0,0,0,0,0,0,0,0,0,0,0,0,0,0,0,0,0,0,0,0,0,0,0,0,0,0,0,0,0,0,0,0,0,0,0,0,0,0,0,0,0,0,0,0,0,0,0,0,0,0,0,0,0,0,0,0,0,0,0,0,0,0,0,0,0,0,0,0,0,0,0,0,0,0,0,0,0,0,0,0,0,0,0,post,no,post-no
MN1Mar7,0.272475921,0.262981193,0.006289308,0.183377389,0.00048613,0.086014645,0.004314405,0.021647981,0.011788655,0.003630784,0.001200134,0.024974934,0.041488166,0.004724577,0.006684289,0.001792605,0.010117583,0,0.001564731,0.011180992,0.004527087,0.001564731,0.000167107,0.005468964,0,0.000212682,0,0.00048613,0.000668429,0,0.002780057,0.003053505,0.002445842,7.60E-05,0,0,0.00028864,0.000334214,0.000136724,0,0,0.000622854,0.002263543,0.001610306,0.001108984,0.003904232,0.000167107,6.08E-05,0.000227873,0.004679002,0.00019749,4.56E-05,0,0.001033026,0.000273448,0.001154559,0,0,0.000364598,0,0.000349406,0,0,6.08E-05,0.000562088,0.00019749,0,0,0,0,0.000258257,0.001139367,0.00028864,0,0,0,0,0,0,0,0,0,0,0,0,0,0,0,0.000334214,0,0,0,0,0,0,0.000121533,0,0,0,0,0,0,0,0,0,0,0,0,0,0,0,0,0,0,0,0,0,0,0,0,0,0,0,0,0,0,0,0,0,0,0,0,0,0,0,0,0,0,0,0,0,0,0,0,0,0,3.04E-05,0,0,0,0,0,0,0,0,0,0,0,0,0,0,0,0,0,0,0,0,0,0,post,yes,post-yes
MN1Mar8,0.251122246,0.020385751,0.099787219,0.054485552,0.0012355,0.072510124,0.013823873,0.03293294,0.017763745,0.018312856,0.018861967,0.013851328,0.021991901,0.113885648,0.006204956,0.006410872,0.020509301,0,0.000288283,0.011201867,0.01247855,0.010158556,0.015333928,0.004804722,0.018765873,0.000288283,0.0037065,0.002635733,0.012780561,0,0.004914545,0.007426728,0.003129933,0.002429817,0,0.001441417,0.006479511,0.001812067,0.001372778,0.03268584,0,0.004159517,0.003116206,0.004502711,0.006589334,0.001413961,0.007220811,0.003033839,0.000823667,0.0081543,0,0.004969456,0.002141533,0.000205917,0.000645206,0.000823667,0.001551239,0.000700117,0.001290411,0,0.003788867,0.00037065,0,0.000205917,0.000823667,0.000164733,0,0,0.002773011,0,0,0,0.000755028,0,0,0,0.000315739,5.49E-05,0.000302011,0.000192189,0.000137278,0,0,0,0,0,0.000453017,0,0,0,0,0,0,0,0,0,0,0,0,0,0,0,0,0,0,0,0,0,0,0,0,0,0,0,0,0,0,0,4.12E-05,0,0,0,0,0,4.12E-05,0,0,0,0,0,0,2.75E-05,0,0,0,0,0,0,0,0,0,0,0,0,0,0,0,0,0,0,0,0,0,0,0,0,0,0,0,0,0,0,0,0,0,0,0,0,0,post,no,post-no
MN1Mar9,0.121856444,0.03935266,0.101044941,0.2042438,0.068081267,0.031202701,0.016227151,0.008673885,0.001717313,0.048463151,0.009779951,0.002022936,0.004104087,0.076420421,0.013112702,0.010987891,0.003856677,0.037635348,0,0.003129002,0.007742461,0.00237222,0.011337175,0.00174642,0.013039935,0.012166725,0.017624287,0.009707184,0.011846548,0.000465712,0.002168471,0.001775527,0.001178833,0.007291303,0.002794272,0.020651415,0.005413902,0.00149901,0.009285132,0.000494819,0.001106066,0.00149901,0.000451158,0.001600885,0.004235068,0.001338922,0.000887763,0.008994062,0.001018745,0.000742228,0.002939807,0.00261963,0.003711142,0,0.000698568,0.00029107,0.000844103,0.001091512,0.000785889,0.004628013,0.001338922,0,0.001280708,2.91E-05,0.000349284,0,0.000858656,4.37E-05,0.00033473,0.001586331,0.00033473,0,0.000422051,0.00208115,0,0.003711142,0.000276516,0,0.000611247,0.001338922,0.000232856,0.000261963,0,0,0,0.000305623,0,0.000116428,0,0.000611247,0,0.000116428,0.000407498,0,5.82E-05,0,0.000189195,0,0,0,0.000174642,0,0,0,0.000305623,0,0,0,0,0,0,0,0.000349284,0,0,0,0,0,8.73E-05,0,0,0,0,0,4.37E-05,0,0,0,0,0,0.000116428,2.91E-05,0,0,0,0,0,0,0,0,0,0,0,0,0,0,0,0,0,0,0,0,0,0,0,0,0,0,0,0,0,0,0,0,0,0,0,0,0,post,no,post-no
MN28Feb2,0.215733618,0.405988545,0.000266719,0.073431973,0.000645741,0.150766466,0.000898422,0.001249368,0.023513392,0.003144478,0.00019653,0.045482621,0.009531697,0.00058959,0.021618283,0.000828233,0.009461508,0,0.000294795,0.004534224,0.003663878,0.000294795,0.000645741,0.002653153,0.000477287,0.000729968,0,0.000336908,0.000308833,0,0.001544163,0.002175866,0.001937223,0,0,0,0.000266719,0,0,0,0,0.000421135,0.001319558,0.002063563,0.001193217,0.002667191,0.000140378,0,0.00032287,0.002681229,0.000112303,0.000140378,0,0.000154416,0,0.000435173,0,0,0,0,0.00032287,0,0,0,0.000407098,0,0,0,0,0,0.000182492,0.000140378,0,0.00032287,0.001473974,0,0,0.000968611,0,0,9.83E-05,0,0,0,0,0,0,0,0,0,0,0,0,0,0,0.001179179,0,0,0,0,0,0,0,0,0,0,0,0,0,0,0,0,0,0,0,0,0,0,0,0,0,0,0,0,0,0,0,0,0,0,0,4.21E-05,0,0,0,0,0,0,0,0,0,0,0,0,0,0,0,0,0,0,0,0,0,0,0,0,0,0,0,0,0,0,0,0,0,0,0,0,0,post,no,post-no
MN28Feb3,0.179818999,0.030738414,0.054386673,0.140967258,0.069129006,0.055222504,0.025838713,0.0189359,0.004135923,0.106856698,0.029830528,0.008098916,0.008920337,0.036171317,0.012580701,0.015419645,0.007925986,0.025146991,0.000374683,0.006182269,0.00782511,0.003530666,0.025046115,0.001239336,0.012148374,0.007810699,0.004957344,0.01697602,0.002392207,0.001729306,0.003285681,0.002392207,0.003285681,0.001369034,0.00113846,0.006095804,0.00832949,4.32E-05,0.00162843,7.21E-05,0.006182269,0.001268158,0.002882177,0.002435439,0.004467374,0.000662901,0.001066405,0.004323265,0,0.002377796,0.002882177,0.00293982,0.00064849,0,0.001614019,0.000302629,0.001340212,0.000807009,0.000720544,0.001570786,0.000778188,0.00015852,0.000835831,0,0.000619668,0,0.000994351,0.000230574,0,0.000345861,0.003689186,0,0.000317039,0.001066405,7.21E-05,0.000115287,0,0.000201752,0,0.000360272,0.000389094,0.000562024,0,0.000778188,0,0.000216163,0,0,0,0.000302629,0,0,0,0,0.00015852,0,0.000317039,0,0,0.000461148,0,0,0,0,4.32E-05,0.000172931,0,0,0,0,0,0,0,0,2.88E-05,0,0,0,7.21E-05,0,0,0,0,0,0,0,0,0,4.32E-05,0,0,0,0,0,0,0,0,0,0,0,0,0,5.76E-05,0,0,0,0,0,2.88E-05,0,0,0,0,0,4.32E-05,4.32E-05,0,0,0,0,0,0,0,0,0,2.88E-05,0,0,0,post,no,post-no
MN28Feb4,0.200030296,0.001146925,0.131961351,0.03143225,0.000465262,0.103569535,0.017982926,0.024107075,0.013362764,0.001417427,0.000768224,0.004479501,0.002943054,0.099122494,0.012756841,0.002769933,0.010160029,0,0.004847383,0.011198754,0.002975514,0.01465035,0.078293894,0.009521646,0.023306391,8.66E-05,0.006827453,0.005994309,0.005280185,0,0.002261391,0.000443622,0.004025059,0.017831445,0,0.004068339,0.008861622,0.003743738,0.003776198,0.04189524,0.004912303,0.00207745,0.00219647,0.001201026,0.007206154,3.25E-05,0.002607632,0.003776198,0.000183941,0.009088843,0.000486902,0.022527348,0.000400342,0,0.001406607,0.014769371,0,0.000346242,0.000454442,0,0.000389522,0.001687928,0,0.000357062,0.000627563,0,0,0,0.002986334,0.00203417,0.000335422,4.33E-05,0.000216401,0,0.001460707,4.33E-05,0.000616743,0,0.000530183,0,0.000324602,0.000238041,0.000367882,0.00212073,0,0.000151481,0.000443622,0,0,0,0,0.000411162,0,0.000173121,0,0,0.000162301,0,7.57E-05,0.000757404,0.000129841,0.000789864,0,0,0,0,0,0,0,0,0,0,0,0,0,0,0,0,7.57E-05,0.000119021,0,0,0,0,0.000183941,0,0,3.25E-05,0,0,0,0,0,0,0,0,0,3.25E-05,0,0,0,0,0,0,0,0,0,0,0,0,0,0,0,0,0,0,0,0,0,0,0,0,0,0,0,0,2.16E-05,2.16E-05,0,post,no,post-no
MN28Feb5,0.23842037,0.024423425,0.084358997,0.07017724,0.133565204,0.030442651,0.041788057,0.014091918,0.003721909,0.128829395,0.007893014,0.00424811,0.008534723,0.021202048,0.012025617,0.007276974,0.003259879,0.037924971,0.004530462,0.001886623,0.006660934,0.001347588,0.001373256,0.002554,0.005801045,0.007828844,0.003709075,0.015529345,0.002746512,0,0.003067367,0.001514432,0.001257749,0.00123208,0.03385654,0.001424593,0.001732613,0.001334754,0.005557195,0,0,0.001809618,0.00147593,0.002284482,0.002810683,0.000333688,0.000949729,0.000628874,0.002823517,0.000346523,0.001309085,0,0.000641708,0.000474864,0.000847055,0.000128342,0.000564703,0.000474864,0.000731548,0,0.001013899,0,0.000243849,0,0.000372191,0.000269518,0.000577538,3.85E-05,0,5.13E-05,0,0.000487698,0,0,0,0,5.13E-05,0.000179678,0,0,0.000269518,0,0.00015401,0,0,0,0,0,0,0.000295186,0,0,0,0,0,0,0,0,0,0,0,0,0,0,0,8.98E-05,0,0,0,0,0,0,0,0,0,0,0,0,3.85E-05,0,3.85E-05,0,0,0,0,0,0,0,0,0,0,0,0,0,0,0,0,0,0,0,0,0,3.85E-05,0,0,0,0,0,0,0,0,0,0,0,0,0,0,0,0,0,0,0,0,0,0,0,0,0,2.57E-05,post,no,post-no
MN28Feb6,0.448890418,0.165158553,0.077596192,0.0067091,0.000607833,0.102115947,0.000699581,0.004942944,0.020941568,0.010986869,0.002454269,0.019244223,0.019783244,0.005481966,0,0.012592465,0.008750502,0.000481679,0.005665462,0.012294283,0,0.016709674,0.000332588,0.010711623,0.000699581,4.59E-05,0,0,0.001123918,0,0,0.012764493,0.003073571,0.00016056,0,0,0.000252308,0.000137623,0.000183497,0.000172028,0,0.00047021,0.000263777,0.002970354,0.000802798,0.009541832,0.000286714,0,0.000584896,0.006089799,0,0,0,0.001399163,0,0,0,0.000309651,0,0,0.000619302,0.002351052,0,0,0,0.000825735,0,0,0,0,2.29E-05,0,0,0,0,0,0,0,0,0,0,0,0,0,0,0,0,0,0.001135386,0,0,0,0,0,0,0,0,0.000539022,0,0,0,0,0,0,0,0,0,0,0,0,0,0,0,0,0,0,0,0,0,0,0,0,0,0,0,0,0,0,0,0,0,0,0,0,0,0,0,0,0,0,0,0,2.29E-05,0,0,0,0,0,0,0,0,0,0,0,0,0,0,0,0,0,0,0,0,0,0,0,0,0,0,post,yes,post-yes
MN28Feb7,0.1085209,0.010450161,0.102615001,0.07935232,0.100613557,0.026855437,0.028988123,0.012582847,0.001443664,0.098464466,0.016552923,0.00118118,0.012615657,0.041341295,0.009564276,0.017471619,0.004527856,0.099186298,0.000229674,0.003641971,0.005741847,0.001886607,0.002411576,0.001476475,0.02316425,0.019391036,0.014813964,0.016930245,0.005905899,0,0.003379487,0.002214712,0.001361638,0.000524969,0.006004331,0.039142988,0.009564276,0.002181902,0.007415185,0,0,0.002756086,0.001148369,0.001099153,0.006365247,0,0.000656211,0.008104206,0.000262484,0.000164053,0.003625566,0,0.002788897,9.84E-05,0.000885885,0,0.001886607,0.000574185,0.001164775,0.003231839,0.00059059,0,0.002723276,0,0.000606995,0,0.002378765,0.007989369,0,0.000377321,0,0,0.000131242,0.000246079,0,0.000295295,0.000246079,0.004544261,0.000246079,0.000492158,0.000131242,0.000656211,0.000328106,0,0,0.000771048,0,0.000475753,0,0.000557779,0,0,0.000557779,0,6.56E-05,0,0.00027889,0,0,0,9.84E-05,0,0,0,4.92E-05,0,0,0,0,0,0,0,0,0,0.000131242,0,0,0,0.000164053,0.000196863,0,0,0,0,0.000147647,0,0,0,0,0,0,0,0,0,0,0,0,0,0,0,0,0,0,0,0,0,0,0,0,0,0,0,0,0,0,0,0,0,0,0,0,0,0,0,0,0,0,0,0,post,no,post-no
MN3Mar2,0.147410217,0.023752519,0.014306033,0.670866422,0,0.020896053,0.007123385,0,0.003105369,0.00167121,0,0.003188337,0,0.026881593,0,0,0.005511438,0,0.011022875,0,0,0.003152779,0.019082612,0.012634823,0.006720398,0.001327486,0,0,0.004065426,0,0,0,0,0,0,0,0,0.001410454,0.000142231,0,0,0,0,0.000616333,0.001327486,9.48E-05,0,0.006838924,0,0.003958753,0,0.000118526,0,0,0.00046225,0.001185255,0,0,0,0,0.000367429,0,0,0,0,0,0,0,0,0,0,0,0,0,0,0,0,0,0,0,0,0,0,0,0,0,0.000154083,0,0,0,0,0,0,0,0,0,0,0,0,0,0,0.000225199,0,0,0,0,0,0,0,0,0,0,0,0,0.000213346,0,0,0,0,0,0,0,0,0.000118526,0,0,0,0,0,0,0,0,0,0,0,0,0,0,0,0,0,0,0,0,0,0,4.74E-05,0,0,0,0,0,0,0,0,0,0,0,0,0,0,0,0,0,0,0,0,0,0,post,yes,post-yes
MN3Mar3,0.239474109,0.110958757,0.080631285,0.164932516,0.026254235,0.0414583,0.039482175,0.030623219,0.004315212,0.028257246,0.024143679,0.016454267,0.006829058,0.021414744,0.009880626,0.007662526,0.011413131,0.016750013,0.0011561,0.00954455,0.007097919,0.004436199,0.004947034,0.003024681,0.009557993,0.007165134,0.001801366,0.009665537,0.006062806,0,0.003481744,0.004973921,0.003669947,0.0011561,0,0.000873797,0.00293058,0.00146529,0.001707265,9.41E-05,0,0.002460074,0.001626606,0.00190891,0.006573641,0.00044362,0.000295747,0.000994784,0,0.003091897,0.004463085,0.000362962,0.001277088,8.07E-05,0.000967898,0,0.000618379,0.001586277,0.000564607,0,0.001317417,0,4.03E-05,0,0.000820025,0.00057805,0,0,0,0,0,0.000416734,0.000618379,0,0,0,0.00013443,0.000147873,6.72E-05,0.000188202,9.41E-05,0,0.000712481,0.000107544,0.000403291,0.000336076,0.00013443,0,0,0.000174759,0,0.000201645,0,0,0,0,0,0,0,0,0.000389848,0,0,0,0,0,0,5.38E-05,0,0,0,0,0,0,0,0,0,0,0,0,0,0,0,0,0,0,0,0,0,0,0,0,0,0,0,0,0,0,0,0,0,0,0,0,0,0,0,0,0,0,0,0,0,0,0,0,0,0,0,0,0,0,0,0,0,0,0,0,0,post,no,post-no
MN3Mar7,0.183988359,0.023236745,0.147735803,0.177682562,0.002298266,0.062538256,0.02629725,0.027440609,0.00889279,0.045526465,0.008569416,0.016965595,0.01264624,0.062977121,0.007541548,0.011918648,0.010428817,0,0.001154908,0.007125781,0.011202605,0.004654278,0.008985183,0.004273159,0.018212896,0.001720813,0.006802407,0.006825505,0.016619123,0,0.003684156,0.006952545,0.001824754,0.002240521,0,0.002702484,0.005970873,0.001836303,0.004654278,0.001328144,0.000173236,0.004515689,0.001108711,0.001559126,0.00613256,0.000150138,0.005647499,0.004123021,0.000358021,0.003187545,0.002887269,0.001085613,0.000704494,0.000103942,0.00150138,0.000323374,0.001062515,0.000739141,0.00162842,0,0.002471503,0.000196334,0,0,0.000796886,0.000427316,0.000207883,0,0,0,0,0,0.000519709,0,0,0,0.000138589,0,0.000311825,0,0.00025408,0,0.00036957,0.000669847,0.000854632,8.08E-05,0,0,0,0,0,0,0,0.000173236,0,0,0,0,0,0,0,0,0,0,0,0,0,0,0,0,0,0,0,0,0,0,0,0,8.08E-05,0,0,0,0,0,0,0,0,0,0,0,0,0,0,0,0,0,0,0,0,0,0,0,0,0,0,0,0,0,0,0,0,0,0,0,0,0,0,0,0,0,0,0,0,0,0,0,0,0,0,post,no,post-no
MN3Mar8,0.145169293,0.030595032,0.143096548,0.086967068,0.028830994,0.046890332,0.035953297,0.024939086,0.003109117,0.044475805,0.017210395,0.005799275,0.042226657,0.071465585,0.010870883,0.015677887,0.004851104,0.041763597,0,0.00696795,0.005975678,0.003274495,0.013009779,0.00280041,0.024453975,0.009735284,0.018687776,0.01187418,0.012546719,0,0.003042965,0.002866562,0.00185224,0.00511571,0.001455331,0.008809164,0.013660268,0.000959196,0.003814732,0.000198454,0,0.00210582,0.00254683,0.001367129,0.008643786,0.000738691,0.001047397,0.006846672,9.92E-05,0.000937145,0.002635032,0.002392476,0.002028644,0.000297681,0.001565584,0.001334054,0.001278927,0.000518186,0.00046306,0.000937145,0.001135599,9.92E-05,0.000959196,0,0.000683565,0,0.00023153,7.72E-05,0.00025358,0.000970221,0.000308707,0,0.000595363,0.000121278,5.51E-05,0.000176404,0.000429984,0,0.000452035,0.00048511,0.000132303,0.000319732,0,0.000804842,0,0.000496136,0,0.000374858,3.31E-05,0.000363833,0.000143328,0.000132303,0,0.000187429,2.21E-05,0,0.000628438,0,0,0,0.000275631,0,0,0,0,0,0,0.000187429,0,0,0,0,0,0,0,0,0,0,2.21E-05,0,0,0,0,0,0,0,0,3.31E-05,0,0,0,0,0,0,0,0,0,0,0,0,0,0,3.31E-05,0,0,0,0,0,0,0,0,0,0,0,0,0,0,0,0,0,0,0,0,0,0,0,0,0,0,pre,no,pre-no
MN8Mar1,0.417606516,0.036004363,0.004130697,0.264712708,0.027429685,0.051076766,0.000197252,0.002657106,0.008342616,0.032801912,0.034681611,0.018611343,0.011301402,0,0.014817135,0.002169776,0.008203379,0.023333797,0,0.008052539,0.004211919,0.002378632,5.80E-05,0.002378632,0.000174046,0.008632693,0,0.000243665,0,0,0.002134967,0.002471456,0.001612828,0,0,0,0.000197252,0,0,0,0,0,0.001531607,0.001473591,0.000997865,0.001670844,0.000185649,0,0.000127634,0.000916643,0.000974659,0,0,0,0,0,0,0,6.96E-05,3.48E-05,0.000440917,0,0,0,0.000359696,0,3.48E-05,0,0,0,0,0,0,0,0,0,0,0.000162443,0,0,9.28E-05,0,0.000266871,0,0,0,0,0,0,0,0,0,0,0,0,0,0,0,0,0,0,0,0,0,0,0,0,0,0,0,0,0,0,0,0,0,0,0,0,0,0,0,3.48E-05,0,0,0,0,0,0,0,0,0,0,0,0,0,0,0,0,0,0,0,0,0,0,0,0,0,0,0,0,0,0,0,0,0,0,0,0,0,0,0,0,0,0,0,0,0,0,pre,no,pre-no
MN8Mar2,0.229950884,0.001076935,0.112876927,0.000674343,0.000523371,0.140182777,0.029137646,0.022404284,0.01101091,0.011604734,0.011705383,0.002143806,0.005676557,0.057389589,0.013607633,0.012279077,0.013647892,0,0.012721929,0.009320021,0.002002899,0.016929023,0.074338741,0.009440799,0.019485487,0.000181167,0.003069769,0.008977817,0.008665808,0,0.003331455,0.001771408,0.004337936,0.012188494,0,0.002616853,0.010044688,0.003613269,0.000946093,0.036052176,0.000513306,0.002878538,0.005193446,0.002053223,0.013174846,0,0.001499658,0.00800153,0.000161037,0.012399855,0.000462982,0.001026611,0.000473046,0,0.001590241,0.004821048,0.000261685,0.000593824,0.000312009,0,0.000795121,0.008514836,0.000231491,0.001972704,0.000674343,0,0,0,0.00110713,0.003653529,0,0,0,0,0.001660695,0,0.000895769,0,0.000996417,0,5.03E-05,0.000412658,0.000523371,0.00139901,0,0,0.000634083,8.05E-05,0,0,0.001348686,0.000593824,0,0.000422722,0,0,0,2.01E-05,0.00056363,0.000432787,0.000130843,0.000885704,0.000241556,5.03E-05,0,0,0,0,0,0,0,0,0,0,0,0,0,0,0.000130843,0,0,7.05E-05,0,0,0,0,0,0,3.02E-05,0,0,0,8.05E-05,0,0,0,0,2.01E-05,0,0,0,0,0,0,0,0,0,0,0,0,0,0,0,0,0,3.02E-05,0,0,0,0,0,0,0,0,0,0,0,0,0,pre,no,pre-no
MN8Mar3,0.291440611,0.115354227,0.021003424,0.042954964,0.100474058,0.058691072,0.008388201,0.014616803,0.003318409,0.084000527,0.048498815,0.005214643,0.022056887,0.004477219,0.010626811,0.036081117,0.00716355,0.053371082,0,0.006768501,0.007005531,0.000302871,6.58E-05,0.002673163,0.000908612,0.015222544,0.000645246,0.003015539,0.000684751,0,0.003515934,0.002370292,0.001514353,0,0.010258098,0.000855939,0.003476429,0.000184356,0.000329207,0,0,0.000171188,0.000434554,0.002343956,0.000803266,0.000684751,0,0,0,0.001106136,0,0,0.000105346,0.000566237,0.000118515,0,0.000276534,0,0.000237029,0,0.000368712,0.000302871,0,6.58E-05,0.000316039,0.000605741,0,0.001409007,0,0,0.000250198,0,9.22E-05,0,0,0,0,0,0,0,6.58E-05,0,0.000237029,0,0.001672373,0,0,0,0,0,0,0,0,0,0,3.95E-05,0,0,0,0,0,0,0,0,0,0,0,0,0,0,0,0,0,0,3.95E-05,0,0,0,0,0,0,0.000118515,0,0,0,0,0,0,0,0,0,0,0,0,0,0,0,3.95E-05,0,0,0,0,0,0,0,0,0,0,0,0,0,0,0,0,0,0,0,0,0,0,0,0,0,0,0,0,0,0,0,pre,no,pre-no
MN8Mar4,0.39910678,0.002304101,0.159886317,0,0.000954121,0.062992286,0.010038571,0.015103532,0.002659359,0.014179862,0.0045676,0.011236297,0.015296387,0.017833942,0.038377994,0.021721478,0.01771214,0,0.002750711,0.008526188,0.007764921,0.012494925,0.028989038,0.006008932,0.009480309,0.000101502,0.002121397,0.013895656,0.00316687,0,0.00682095,0.00090337,0.002760861,0.005115713,0,0.000720666,0.005379618,0.000720666,0.000548112,0.001116525,0.000426309,0.0045473,0.005572473,0.007957775,0.011053593,0.000152253,0.01638246,0.000284206,0.011226147,0.00863784,0.006699147,6.09E-05,0.000294356,0.000152253,0.000487211,0.000203004,0.001177426,0.000954121,0.000761267,0,0,0,0,0.000416159,0.000426309,0.001289078,0,0,0.001197726,0.000355258,0,0,0,0,0,0,0.001157125,0,0.00044661,0,0.000142103,0,0,0.001218027,0,0.000406009,0.000598863,0,0.000121803,0.000385708,0.000243605,0.000203004,0,0.000365408,0,0,0,0,0,0.000345108,0,0,0,0,0,0,0,0,0,0,0,0,0,0,0,0,0,0,2.03E-05,0,0,0.000111652,0,0,0,0,0,0,7.11E-05,0,0,0,0,0,0,0,0,0,0,5.08E-05,0,0,0,4.06E-05,0,0,0,0,0,0,0,0,0,0,0,0,0,0,0,0,0,0,0,0,0,0,0,0,0,pre,yes,pre-yes
MN8Mar5,0.189469987,0.005350122,0.081683937,0.015388357,0.084291447,0.050299256,0.060405042,0.025764351,0.001783374,0.114122431,0.050731589,0.001742843,0.028898766,0.0359512,0.005120445,0.013875191,0.004350352,0.076144669,0.001026791,0.004498966,0.004215248,0.003877488,0.001432103,0.003120905,0.017036627,0.026629018,0.001445614,0.008781766,0.003377602,0,0.002364322,0.002539957,0.001945499,0.00198603,0.005228529,0.009173568,0.007930611,0.001567208,0.005660862,0,0,0.003553238,0.002526447,0.001269979,0.00594458,0,0.000567437,0.001337531,0.000526906,0.001296999,0.000580948,6.76E-05,0.003674831,0.000108083,0.001242958,0,0.001540187,0.001229447,0.000553927,0.000540416,0.000959239,0.000202656,0.00067552,0,0.00033776,0.00032425,0.001918478,0.006890309,0,0,0,0.000189146,0.000175635,0,0,0,0,9.46E-05,0.000202656,0,0,0.000405312,0.000148615,0,0.000783604,8.11E-05,0,0.000364781,0,0.000189146,0,0,0,0.000108083,0,0,0,0,0,0,0,0,0,0,0,0,0,0,0,0,0,0,0,0,0,0,0,0,0,0,0,0,5.40E-05,0,0,0,0,0,0,0,0,0,0,0,0,0,8.11E-05,0,0,0,0,0,0,0,0,0,0,0,0,0,0,0,0,0,0,0,4.05E-05,0,0,0,0,0,0,0,0,0,0,0,0,pre,no,pre-no
MN8Mar6,0.41693259,0.070918793,0.010380944,0.027170531,0.001297618,0.172172716,0.010513354,0.013042384,0.041232472,0.007441442,0.051573693,0.059054857,0.001800776,0.003151358,0.017292745,0.012777564,0.012896733,0,0.001244654,0.0079446,0.003892854,0.0026482,0.001204931,0.005336123,0.002886538,0.001257895,3.97E-05,0.003058671,0.001535956,0,0.003191081,0.002714405,0.002873297,0.000503158,0,0.00026482,0.000820942,0.000158892,0.00013241,0,0,0.00079446,0.00357507,0.002356898,0.002502549,0.005177231,0.000145651,0.000198615,9.27E-05,0.004819724,0,6.62E-05,0.000172133,0.000251579,0.000304543,0,0,0.000251579,0.000873906,0,0.001165208,0,0,0.000304543,0.000754737,0,0,0,0,0,0.000105928,0.000595845,0.000185374,0,0.001747812,0,0,0,0.000198615,0,0.00026482,0,0.000503158,0,0,0,0,0,0,0,0,0,0,0,0,0.000993075,0,0,0,0,0,0,0,0,0,0,0,0,0,0,7.94E-05,0,0,0,0,0,0,0,0,0,5.30E-05,0,0,0,0,0,0,0,0,0,0,0,0,0,0,0,0,0,0,0,6.62E-05,0,0,0,0,0,0,0,0,0,0,0,0,0,3.97E-05,0,0,0,0,0,0,0,0,0,0,0,0,0,0,pre,no,pre-no
MN8Mar7,0.190740282,0.001213172,0.24254766,0.024486259,0.007687546,0.070462986,0.033535529,0.01684823,0.012552612,0.026578361,0.008665511,0.001485516,0.012391681,0.09644714,0.015870265,0.006858133,0.004147066,0.004048032,0.009111166,0.005607824,0.004666997,0.017108195,0.000668482,0.006288685,0.024622431,0.020487744,0.00319386,0.007378064,0.03333746,0,0.003391929,0.001039861,0.001819757,0.010968061,0,0.002946274,0.007105719,0.005013617,0.00319386,0.000606586,0.004827928,0.004097549,0.001634068,0.001720723,0.008356029,0.000123793,0.009420649,0.001856895,0.000854172,0.005360238,0.000334241,0.00017331,0.00053231,0,0.001225551,0,0.000841793,0,0,0,0,0,0,0.003701411,0.000247586,0.002228274,0,0,0.002785343,0,0.001832137,0.000198069,0,0,0,0,0.000272345,0,0.000482793,0,0,0,0.000470413,0,0,9.90E-05,0.000371379,0,0,0,0,0.000371379,0,0,0,0,0,0,0,0,0.000371379,0,0,0,0,0,0,0,0,0,0,0,0,0,0,0,0,0,0,0,0,0,0,0,0,0,0,0,0,0,0,0,0,0,8.67E-05,0,0,0,0,0,0,0,0,0,0,0,0,0,0,0,0,0,0,0,0,0,0,0,0,0,0,0,0,0,0,0,0,0,0,pre,yes,pre-yes
MN8Mar8,0.238229676,0.159653779,0.035704022,0.159501631,0.037208595,0.067029567,0.011850625,0.016634828,0.001893395,0.080841208,0.009027437,0.004970162,0.015721941,0.001386236,0.006964989,0.020201849,0.004141802,0.032322959,0.001318614,0.007725728,0.006119723,0.000811455,0,0.004547529,0.000270485,0.012848038,0,0.004395381,0.000371917,0,0.006711409,0.004074181,0.001166467,0,0.006812841,0.000185958,0.000895982,0.000405728,0.002840093,0,0,0.000625497,0.000574781,0.00133552,0.001504573,0.00025358,0.000321201,0,0.01832536,0.001775058,0.000726928,0,0.003296536,0.000371917,0,0,0.000693118,0,0.000490254,0,0.00028739,0,0,0,0.000625497,0.000912887,0.00025358,0,0,0,0,0.000608591,0.000169053,0,0,5.07E-05,0,0.000185958,0,0,0.000152148,0.00025358,0.000236674,0,0.000811455,0,0,0,0,0,0,0,0,0,0,0,0,0,0,0,0.00028739,0,0,0,0,0,0,0,0,0,0,0,0,0,5.07E-05,0,0,0,0,0,0,0,0,0,0,0,0,0,0,0,0,0,0,0,0,0,0,0,0,0,3.38E-05,0,0,0,0,0,0,0,0,0,0,0,0,0,0,0,0,0,0,0,0,0,0,0,0,0,0,0,0,pre,no,pre-no
MN9Mar1,0.567712147,0.001913039,0.057155003,0.001039182,0.000684915,0.138140337,0.001133653,0.002940412,0.014288751,0.019413807,0.039524338,0.00370799,0.005266763,0.020807255,0,0.004381096,0.00952977,0,0.003448194,0.010557143,0,0.02340521,0.014028955,0.014324178,0.000767578,0,0,0,0.001298977,0,0.001700479,0.001393448,0.002904986,0.000673106,0,0.000141707,0.00063768,0.000366075,0.000377884,0,0.001358022,0.000342458,0.000732151,0.003330106,0.001924848,0.005077821,0.014855577,0,0,0.0062469,0,0.000354267,0,0,0.00031884,5.90E-05,0,0,0,0,0.000247987,0.000330649,0,9.45E-05,0,0.000507782,0,0,0,0,0,0,0.000271604,0,0,0,0,0,0,0,0,0,0,0,0,0,0,0,0,0,0,0,0,0,0,0,0,0,0,0,0,0,0,0,0,0,0,0,0,0,0,0,0,0.000236178,0,0,0,0,0,0,0,0,0,0,0,0,0,0,0,0,0,0,0,0,0,0,0,0,0,0,0,0,0,0,0,0,0,4.72E-05,0,0,0,0,0,0,0,0,0,0,0,0,0,0,0,0,0,0,0,0,0,pre,no,pre-no
MN9Mar2,0.238516951,0.009928543,0.231733654,0.045424898,0.002768397,0.067861957,0.024654675,0.02624904,0.013639065,0.044294349,0.011624368,0.003478614,0.036134101,0.045265462,0.035931181,0.004130854,0.009029902,0,0.005435334,0.005449828,0.011928746,0.004493209,0.010711232,0.003246706,0.008145754,0.003971417,0.00336266,0.015842187,0.015189947,0,0.003391648,0.003811981,0.00205818,0.002464018,7.25E-05,0.002072674,0.006957228,0.002464018,0.006333976,0.001289986,0.00102909,0.002623455,0.000985607,0.000869653,0.005507805,0,0.004870059,0.001260997,0.003130752,0.000971113,0.000768194,0.001724813,0.00010146,0,0.001449422,0,0.001710318,0,0.000492804,0,0.000420332,0.00010146,0,0,0.000391344,0.000811677,0,0,0,0,0,0,0,0,0,0,0,7.25E-05,0.000173931,0,0.000231908,0,0.000173931,0.000318873,0,0.00010146,0,0,0,0,0,0,0,0,0,4.35E-05,0,0,0,0,0,0,0,0,8.70E-05,0,0,0,0,0,0,0,0,0,0,0,0,0,4.35E-05,0,0,0,0,0,0.000130448,0,0,0,0,0,0,0,0,0,0,0,0,0,0,0,0,0,0,0,0,0,0,0,0,0,0,0,0,0,0,0,0,4.35E-05,0,0,0,0,0,0,0,0,0,0,0,pre,no,pre-no
MN9Mar3,0.162203139,0.029081546,0.148936726,0.045929237,0.083401953,0.032492909,0.046242926,0.01424669,0.000392111,0.052098446,0.026611248,0.00329373,0.024912102,0.080487263,0.007084134,0.030558496,0.0040126,0.024676835,0.005175862,0.004417781,0.005737887,0.001424669,0.003711982,0.001555373,0.014050635,0.002953901,0.013736946,0.015187756,0.007737652,0,0.000810362,0.001777569,0.002705564,0.003816544,0.00291469,0.024010247,0.009476009,0.002143539,0.011332,6.54E-05,0,0.002012835,0.001594584,0.001346247,0.005646395,0.000784221,0.000209126,0.005345776,0.003620489,0.000653518,0.001215543,0,0.005933942,0.000614307,0.001633795,0.000117633,0.000993347,0.003032323,0.000666588,0.001529232,0.000836503,0.000196055,0.001385458,0,0.000300618,9.15E-05,0.000640448,0,0,0.000483603,0.000653518,2.61E-05,0.000182985,0.000588166,0,0.000444392,0.000248337,0.000130704,0.000287548,0.000405181,0.000209126,0.0003529,0.000274478,0,0,0.000418251,0,0.000470533,0,0.000444392,0,0,0.000509744,0,0.000914925,0,0.000261407,0,0,0,0.000209126,0,0,0,7.84E-05,0.000274478,0,0.000117633,0,0,0,0,0,0,0,0,0,0,0,0,0,0,0,0,0.000104563,0,0,0,0,0,0,0,0,0,0,0,0,0,0,0,0,0,0,0,0,0,0,0,5.23E-05,5.23E-05,0,0,0,0,0,0,0,0,0,0,0,0,0,0,0,0,0,0,0,pre,no,pre-no
MN9Mar4,0.123458184,0.028596524,0.156346069,0.103168329,0.002635046,0.063190915,0.060631156,0.037304724,0.017692452,0.010828785,0.001493193,0.012209047,0.021657569,0.089328063,0.009197566,0.005910032,0.005646527,0.001430454,0.002835812,0.009875149,0.00360123,0.004467031,0.00667545,0.00388983,0.027944037,0.004391744,0.013551666,0.010489993,0.030215195,0,0.002810716,0.006186084,0.00360123,0.00992534,0,0.006336659,0.016287095,0.007365581,0.006361754,0.001543384,0,0.002371542,0.001731602,0.001543384,0.01056528,0.002434281,0.001179497,0.007465964,0.000213313,0.003438108,0.002446829,0.001054018,0.00260995,0.003274986,0.002572307,0,0.000602296,0.002760524,0.001229688,0.001317523,0.001367714,0.000426627,0.000740322,0,0.000539557,0.000501914,0.000250957,0,0,0.000953636,0.005997867,0.000188218,0.000276052,0.001304975,0.000100383,0.001066566,6.27E-05,0.000163122,0.00046427,0.001192045,0.000401531,0,0.000250957,0.001179497,0,0.000978731,0.000100383,0.000363887,0,0.000401531,0,0.000263505,0,0.00046427,0,0,0.000250957,0,0,0.000501914,0.000727775,0,0,0,0.000301148,0.000213313,0,0,0,0,5.02E-05,0,0,0,0,0,0,0,6.27E-05,0,0,0,0,0,0,0,0,0,0,0,0,0,0,0,0,0,0,0,0,0,0,0,0,0,0,0,0,0,0,0,0,0,0,0,0,0,0,0,0,0,0,0,0,0,0,0,0,0,0,pre,no,pre-no
MN9Mar5,0.289607168,0.003340633,0.172483911,0.000547462,0,0.103604308,0.017742224,0.018714247,0.048388899,0.008804076,0.005038881,0.020200215,0.001251341,0.063673132,0,0.015932249,0.015932249,0,0.074220147,0.002726135,0,0.010982749,0,0.012178227,0.022323025,0.000100554,0,0,0.012245263,0,0,0.001106096,0.00287138,0,0,0,0,0,0.003407669,0.004480247,0.035942528,0.005061226,0,0.004435556,0.006357258,0.000346353,0,0,0.0001229,0.007117,0,0,0,0,0.00108375,0,0,0,0,0,0.000513944,0,0,0,0,0.000569807,0,0,0.002692617,0,0,0,0,0,0,0,0,0,3.35E-05,0,0,2.23E-05,0,0,0,0,0.00103906,0,0,0,0,0.000670361,0,0.000256972,0,0,0,4.47E-05,0.000368699,0,0,0,0.000413389,0.000849124,0,0,0,0,0,0,0,0,0,0,0,0,0,0,2.23E-05,0,0,0,0,0,0,0,0,0,0,0,0,6.70E-05,0,0,0,0,0,6.70E-05,0,0,0,0,0,0,0,0,0,0,0,0,0,0,0,0,0,0,0,0,0,0,0,0,0,0,0,0,0,0,0,pre,yes,pre-yes
MN9Mar6,0.234137571,0.012388354,0.211170398,0.058102308,0.000997564,0.06610602,0.033534393,0.049066234,0.015357847,0.011425589,0.013583111,0.01082241,0.017434172,0.046166338,0.009012876,0.017619766,0.007760121,0,0.001716738,0.010219232,0.007725322,0.014859065,0.023094769,0.005231412,0.01056722,0,0.001890732,0.001125159,0.024150331,0,0.00167034,0.011622782,0.001867533,0.002725902,0,0.001183157,0.0055678,0.007748521,0.003874261,0,0,0.003456676,0.000753973,0.001705139,0.006263775,0.003433476,0.010346828,0.000649577,0,0.004257047,0,0.001612342,0.002667904,0,0.000730774,0.000127595,0.000521981,0.002053126,0.00026679,0,0.00083517,0.001206357,0,0.003120288,0.00028999,0.001368751,0,0,0.000336388,0,0,0,0.000162394,0,0,0,0.000533581,0.000301589,0.000173994,0,0,0,0,0,0,0.000197193,0,0,0,0,0.000255191,0.000208792,0,0.00028999,0,0,0,0,0,0,0,0,0,0,0,0,0,0.000313189,0,0,0,0,0,0,0,0,0,0,0,0,0,0,0,0,0,0,0,0,3.48E-05,0,0,0,0,0,0,0,0,0,0,0,0,0,0,0,0,0,0,0,0,0,0,0,0,0,0,0,0,0,0,0,0,0,0,0,0,0,0,0,0,pre,no,pre-no
MN9Mar7,0.253384101,0.008021054,0.014348307,0.398532973,0.025351009,0.073211361,0.005655333,0.01135266,0.004857427,0.038551451,0.037921525,0.008510996,0.008371012,0.003695564,0.013242437,0.025686969,0.005263379,0.010302784,7.00E-05,0.004941417,0.007559108,0.001637807,0.001623808,0.000671921,0.00025197,0.002995647,0.00025197,0.002127749,0.000195977,0.001091871,0.005123395,0.003625572,0.002869661,0,0,0.000797906,0.001749794,0.000139983,0.00025197,0,0.000153982,0.000349959,0.001049876,0.001469827,0.000769909,0.000629926,0.000923891,0,0,0.001819785,0.001931772,0,0,0.000125985,0.000139983,0,0.000265969,0,0.000545936,0.000265969,0.000209975,0.000265969,0,0,0.000433949,0,0.000475944,0.001847782,0,0,0.000139983,0,0,0.00041995,0,0,0,0.000293965,0,0,0.000237972,0.000447947,0,0,0,0,0,0,0,0.000153982,0,0,0,0,0,0,0,0,0,0,0,0,0,0,0,0,0,0,0,0,0,0,0,0,0.000139983,0,0,0,0,0,0,0,0,0,0,0,0,0.000125985,0.000125985,0,0,0,0,0,0,0,0,0,0,0,0,0,0,0,0,0,0,0,0,0,0,0,0,0,0,0,0,0,0,0,0,0,0,0,0,0,0,0,0,pre,no,pre-no
MN9Mar8,0.055118199,0.001193815,0.076460452,0.265105698,0.04279713,0.021826536,0.019517744,0.008367965,0.000664482,0.15393452,0.004392337,0.001542949,0.000810893,0.035972114,0.007320562,0.004268451,0.002320055,0.019540269,0.006295683,0.003266097,0.002714239,0.001283914,0.001385276,0.001531687,0.017073803,0.006115485,0.009741978,0.008852249,0.004482436,0.099807413,0.001306439,0.000450496,0.001193815,0,0.006475882,0.041794776,0.005608677,0.002635402,0.021218367,0.000168936,0,0.002218693,0.000855943,0.000923517,0.003266097,0.001678098,0.000135149,0.003998153,0,0.000495546,0.001441588,4.50E-05,0.002939487,5.63E-05,0.001216339,0,0.000687007,0.000518071,0.001114978,0.000473021,0.000585645,0,0.001486637,0,0.000270298,0,0.001283914,0.002094807,0,0.000304085,0.000157674,0.000687007,0.00023651,0.000867205,0,0.000551858,0.000123886,5.63E-05,0.000202723,0.001306439,0.000270298,0.000382922,0,0,0,0.000495546,0,0.000529333,0,0.000349134,0,0,0.000146411,0.000135149,0,0,0.000416709,0,0,0,0,0,0,0,0.000123886,0.000123886,0,0,0,0,0,0,0,0,0,0,0,0,6.76E-05,0,0,0,0,0,0,0,0,0,0,0,0,0,0,9.01E-05,0,0,0,3.38E-05,0,0,0,0,0,0,0,0,0,0,0,0,0,0,0,0,0,0,0,0,0,0,0,0,0,0,0,0,0,0,0,pre,no,pre-no
